Sentence #,Word,Tag
Sentence: 1,Buy,contractType
,200,itemQty
,MT,itemQtyUnitId
,cotton,productId
,of,o
,quality,o
,Cotton-A-Dry,quality
,with,o
,tolerance,o
,2,tolerance
,%,toleranceType
,buyer,toleranceLevel
,at,o
,120,priceDf
,USD/MT,priceUnitId
,flat,priceTypeId
,",",o
,settled,o
,in,o
,AUD,payInCurId
,.,o
Sentence: 2,Buy,contractType
,200,itemQty
,MT,itemQtyUnitId
,cotton,productId
,of,o
,quality,o
,Cotton-A-Dry,quality
,with,o
,tolerance,o
,2,tolerance
,%,toleranceType
,buyer,toleranceLevel
,at,o
,120,priceDf
,USD/MT,priceUnitId
,flat,priceTypeId
,",",o
,settled,o
,in,o
,AUD,payInCurId
,.,o
Sentence: 3,cotton,productId
,120,priceDf
,USD/MT,priceUnitId
,.,o
Sentence: 4,cotton,productId
,200,itemQty
,MT,itemQtyUnitId
,.,o
Sentence: 5,tolerance,o
,2,tolerance
,%,toleranceType
,.,o
Sentence: 6,cotton,productId
,of,o
,quality,o
,Cotton-A-Dry,quality
,.,o
Sentence: 7,Buy,contractType
,200,itemQty
,BBL,itemQtyUnitId
,crude,productId
,oil,productId
,of,o
,quality,o
,Crude,quality
,oil,quality
,#NAME?,quality
,with,o
,tolerance,o
,2,tolerance
,%,toleranceType
,buyer,toleranceLevel
,at,o
,120,priceDf
,USD/MT,priceUnitId
,flat,priceTypeId
,",",o
,settled,o
,in,o
,AUD,payInCurId
,.,o
Sentence: 8,truck,shipmentMode
,.,o
Sentence: 9,rail,shipmentMode
,.,o
Sentence: 10,through,o
,shipment,o
,mode,o
,truck,shipmentMode
,.,o
Sentence: 11,shipment,o
,mode,o
,truck,shipmentMode
,.,o
Sentence: 12,Buy,contractType
,barley,productId
,at,o
,120,priceDf
,USD/MT,priceUnitId
,.,o
Sentence: 13,Buy,contractType
,200,itemQty
,MT,itemQtyUnitId
,cotton,productId
,with,o
,at,o
,flat,priceTypeId
,price,o
,of,o
,120,priceDf
,USD,payInCurId
,at,o
,tolerance,o
,2,tolerance
,%,toleranceType
,buyer,toleranceLevel
,through,o
,truck,shipmentMode
,from,o
,Australia,originationCountryId
,to,o
,China,destinationCountryId
,.,o
Sentence: 14,Buy,contractType
,barley,productId
,at,o
,120,priceDf
,USD/MT,priceUnitId
,.,o
Sentence: 15,Buy,contractType
,200,itemQty
,MT,itemQtyUnitId
,barley,productId
,with,o
,at,o
,flat,priceTypeId
,price,o
,of,o
,120,priceDf
,USD,payInCurId
,at,o
,tolerance,o
,2,tolerance
,%,toleranceType
,buyer,toleranceLevel
,through,o
,truck,shipmentMode
,from,o
,england,originationCountryId
,to,o
,france,destinationCountryId
,.,o
Sentence: 16,Buy,contractType
,20,itemQty
,MT,itemQtyUnitId
,for,o
,flat,priceTypeId
,price,o
,of,o
,200,priceDf
,USD,payInCurId
,of,o
,Barley,productId
,of,o
,quality,o
,Balie,quality
,genie,quality
,for,o
,Karthik,traderUserId
,Aradhya,traderUserId
,from,o
,Kirfjohl,cpProfileId
,with,o
,21,paymentTermId
,days,paymentTermId
,with,o
,English,applicableLawId
,Law,applicableLawId
,at,o
,CIF,incotermId
,.,o
Sentence: 17,Buy,contractType
,20,itemQty
,MT,itemQtyUnitId
,for,o
,flat,priceTypeId
,price,o
,of,o
,200,priceDf
,USD,payInCurId
,of,o
,Barley,productId
,of,o
,quality,o
,Balie,quality
,genie,quality
,for,o
,Karthik,traderUserId
,Aradhya,traderUserId
,from,o
,Kirfjohl,cpProfileId
,with,o
,21,paymentTermId
,days,paymentTermId
,with,o
,English,applicableLawId
,Law,applicableLawId
,at,o
,CFR,incotermId
,.,o
Sentence: 18,Buy,contractType
,20,itemQty
,MT,itemQtyUnitId
,for,o
,flat,priceTypeId
,price,o
,of,o
,200,priceDf
,USD,payInCurId
,of,o
,Barley,productId
,of,o
,quality,o
,Balie,quality
,genie,quality
,for,o
,Karthik,traderUserId
,Aradhya,traderUserId
,from,o
,Kirfjohl,cpProfileId
,with,o
,21,paymentTermId
,days,paymentTermId
,with,o
,English,applicableLawId
,Law,applicableLawId
,at,o
,CPT,incotermId
,.,o
Sentence: 19,Buy,contractType
,20,itemQty
,MT,itemQtyUnitId
,for,o
,flat,priceTypeId
,price,o
,of,o
,200,priceDf
,USD,payInCurId
,of,o
,Barley,productId
,of,o
,quality,o
,Balie,quality
,genie,quality
,for,o
,Karthik,traderUserId
,Aradhya,traderUserId
,from,o
,Kirfjohl,cpProfileId
,with,o
,21,paymentTermId
,days,paymentTermId
,with,o
,English,applicableLawId
,Law,applicableLawId
,at,o
,DAF,incotermId
,.,o
Sentence: 20,Buy,contractType
,20,itemQty
,MT,itemQtyUnitId
,for,o
,flat,priceTypeId
,price,o
,of,o
,200,priceDf
,USD,payInCurId
,of,o
,Barley,productId
,of,o
,quality,o
,Balie,quality
,genie,quality
,for,o
,Karthik,traderUserId
,Aradhya,traderUserId
,from,o
,Kirfjohl,cpProfileId
,with,o
,21,paymentTermId
,days,paymentTermId
,with,o
,English,applicableLawId
,Law,applicableLawId
,at,o
,DDP,incotermId
,.,o
Sentence: 21,Buy,contractType
,20,itemQty
,MT,itemQtyUnitId
,for,o
,flat,priceTypeId
,price,o
,of,o
,200,priceDf
,USD,payInCurId
,of,o
,Barley,productId
,of,o
,quality,o
,Balie,quality
,genie,quality
,for,o
,Karthik,traderUserId
,Aradhya,traderUserId
,from,o
,Kirfjohl,cpProfileId
,with,o
,21,paymentTermId
,days,paymentTermId
,with,o
,English,applicableLawId
,Law,applicableLawId
,at,o
,DDU,incotermId
,.,o
Sentence: 22,Buy,contractType
,20,itemQty
,MT,itemQtyUnitId
,for,o
,flat,priceTypeId
,price,o
,of,o
,200,priceDf
,USD,payInCurId
,of,o
,Barley,productId
,of,o
,quality,o
,Balie,quality
,genie,quality
,for,o
,Karthik,traderUserId
,Aradhya,traderUserId
,from,o
,Kirfjohl,cpProfileId
,with,o
,21,paymentTermId
,days,paymentTermId
,with,o
,English,applicableLawId
,Law,applicableLawId
,at,o
,DEQ,incotermId
,.,o
Sentence: 23,Buy,contractType
,20,itemQty
,MT,itemQtyUnitId
,for,o
,flat,priceTypeId
,price,o
,of,o
,200,priceDf
,USD,payInCurId
,of,o
,Barley,productId
,of,o
,quality,o
,Balie,quality
,genie,quality
,for,o
,Karthik,traderUserId
,Aradhya,traderUserId
,from,o
,Kirfjohl,cpProfileId
,with,o
,21,paymentTermId
,days,paymentTermId
,with,o
,English,applicableLawId
,Law,applicableLawId
,at,o
,DES,incotermId
,.,o
Sentence: 24,Buy,contractType
,20,itemQty
,MT,itemQtyUnitId
,for,o
,flat,priceTypeId
,price,o
,of,o
,200,priceDf
,USD,payInCurId
,of,o
,Barley,productId
,of,o
,quality,o
,Balie,quality
,genie,quality
,for,o
,Karthik,traderUserId
,Aradhya,traderUserId
,from,o
,Kirfjohl,cpProfileId
,with,o
,21,paymentTermId
,days,paymentTermId
,with,o
,English,applicableLawId
,Law,applicableLawId
,at,o
,EXW,incotermId
,.,o
Sentence: 25,Buy,contractType
,20,itemQty
,MT,itemQtyUnitId
,for,o
,flat,priceTypeId
,price,o
,of,o
,200,priceDf
,USD,payInCurId
,of,o
,Barley,productId
,of,o
,quality,o
,Balie,quality
,genie,quality
,for,o
,Karthik,traderUserId
,Aradhya,traderUserId
,from,o
,Kirfjohl,cpProfileId
,with,o
,21,paymentTermId
,days,paymentTermId
,with,o
,English,applicableLawId
,Law,applicableLawId
,at,o
,FAS,incotermId
,.,o
Sentence: 26,Buy,contractType
,20,itemQty
,MT,itemQtyUnitId
,for,o
,flat,priceTypeId
,price,o
,of,o
,200,priceDf
,USD,payInCurId
,of,o
,Barley,productId
,of,o
,quality,o
,Balie,quality
,genie,quality
,for,o
,Karthik,traderUserId
,Aradhya,traderUserId
,from,o
,Kirfjohl,cpProfileId
,with,o
,21,paymentTermId
,days,paymentTermId
,with,o
,English,applicableLawId
,Law,applicableLawId
,at,o
,FCA,incotermId
,.,o
Sentence: 27,Buy,contractType
,20,itemQty
,MT,itemQtyUnitId
,for,o
,flat,priceTypeId
,price,o
,of,o
,200,priceDf
,USD,payInCurId
,of,o
,Barley,productId
,of,o
,quality,o
,Balie,quality
,genie,quality
,for,o
,Karthik,traderUserId
,Aradhya,traderUserId
,from,o
,Kirfjohl,cpProfileId
,with,o
,21,paymentTermId
,days,paymentTermId
,with,o
,English,applicableLawId
,Law,applicableLawId
,at,o
,FOB,incotermId
,.,o
Sentence: 28,Buy,contractType
,20,itemQty
,MT,itemQtyUnitId
,for,o
,flat,priceTypeId
,price,o
,of,o
,200,priceDf
,USD,payInCurId
,of,o
,Barley,productId
,of,o
,quality,o
,Balie,quality
,genie,quality
,for,o
,Karthik,traderUserId
,Aradhya,traderUserId
,from,o
,Kirfjohl,cpProfileId
,with,o
,21,paymentTermId
,days,paymentTermId
,with,o
,English,applicableLawId
,Law,applicableLawId
,at,o
,CIF,incotermId
,.,o
Sentence: 29,Buy,contractType
,20,itemQty
,MT,itemQtyUnitId
,for,o
,flat,priceTypeId
,price,o
,of,o
,200,priceDf
,USD,payInCurId
,of,o
,Barley,productId
,of,o
,quality,o
,Balie,quality
,genie,quality
,for,o
,Karthik,traderUserId
,Aradhya,traderUserId
,from,o
,Kirfjohl,cpProfileId
,with,o
,21,paymentTermId
,days,paymentTermId
,with,o
,English,applicableLawId
,Law,applicableLawId
,at,o
,CIF,incotermId
,.,o
Sentence: 30,Sell,contractType
,20,itemQty
,MT,itemQtyUnitId
,for,o
,flat,priceTypeId
,price,o
,of,o
,200,priceDf
,USD,payInCurId
,of,o
,Barley,productId
,of,o
,quality,o
,Balie,quality
,genie,quality
,for,o
,Karthik,traderUserId
,Aradhya,traderUserId
,from,o
,Kirfjohl,cpProfileId
,with,o
,21,paymentTermId
,days,paymentTermId
,with,o
,English,applicableLawId
,Law,applicableLawId
,at,o
,CIF,incotermId
,.,o
Sentence: 31,Sell,contractType
,20,itemQty
,MT,itemQtyUnitId
,for,o
,flat,priceTypeId
,price,o
,of,o
,200,priceDf
,USD,payInCurId
,of,o
,Barley,productId
,of,o
,quality,o
,Balie,quality
,genie,quality
,for,o
,Karthik,traderUserId
,Aradhya,traderUserId
,from,o
,Kirfjohl,cpProfileId
,with,o
,21,paymentTermId
,days,paymentTermId
,with,o
,English,applicableLawId
,Law,applicableLawId
,at,o
,CFR,incotermId
,.,o
Sentence: 32,Sell,contractType
,20,itemQty
,MT,itemQtyUnitId
,for,o
,flat,priceTypeId
,price,o
,of,o
,200,priceDf
,USD,payInCurId
,of,o
,Barley,productId
,of,o
,quality,o
,Balie,quality
,genie,quality
,for,o
,Karthik,traderUserId
,Aradhya,traderUserId
,from,o
,Kirfjohl,cpProfileId
,with,o
,21,paymentTermId
,days,paymentTermId
,with,o
,English,applicableLawId
,Law,applicableLawId
,at,o
,CPT,incotermId
,.,o
Sentence: 33,Sell,contractType
,20,itemQty
,MT,itemQtyUnitId
,for,o
,flat,priceTypeId
,price,o
,of,o
,200,priceDf
,USD,payInCurId
,of,o
,Barley,productId
,of,o
,quality,o
,Balie,quality
,genie,quality
,for,o
,Karthik,traderUserId
,Aradhya,traderUserId
,from,o
,Kirfjohl,cpProfileId
,with,o
,21,paymentTermId
,days,paymentTermId
,with,o
,English,applicableLawId
,Law,applicableLawId
,at,o
,DAF,incotermId
,.,o
Sentence: 34,Sell,contractType
,20,itemQty
,MT,itemQtyUnitId
,for,o
,flat,priceTypeId
,price,o
,of,o
,200,priceDf
,USD,payInCurId
,of,o
,Barley,productId
,of,o
,quality,o
,Balie,quality
,genie,quality
,for,o
,Karthik,traderUserId
,Aradhya,traderUserId
,from,o
,Kirfjohl,cpProfileId
,with,o
,21,paymentTermId
,days,paymentTermId
,with,o
,English,applicableLawId
,Law,applicableLawId
,at,o
,DDP,incotermId
,.,o
Sentence: 35,Sell,contractType
,20,itemQty
,MT,itemQtyUnitId
,for,o
,flat,priceTypeId
,price,o
,of,o
,200,priceDf
,USD,payInCurId
,of,o
,Barley,productId
,of,o
,quality,o
,Balie,quality
,genie,quality
,for,o
,Karthik,traderUserId
,Aradhya,traderUserId
,from,o
,Kirfjohl,cpProfileId
,with,o
,21,paymentTermId
,days,paymentTermId
,with,o
,English,applicableLawId
,Law,applicableLawId
,at,o
,DDU,incotermId
,.,o
Sentence: 36,Sell,contractType
,20,itemQty
,MT,itemQtyUnitId
,for,o
,flat,priceTypeId
,price,o
,of,o
,200,priceDf
,USD,payInCurId
,of,o
,Barley,productId
,of,o
,quality,o
,Balie,quality
,genie,quality
,for,o
,Karthik,traderUserId
,Aradhya,traderUserId
,from,o
,Kirfjohl,cpProfileId
,with,o
,21,paymentTermId
,days,paymentTermId
,with,o
,English,applicableLawId
,Law,applicableLawId
,at,o
,DEQ,incotermId
,.,o
Sentence: 37,Sell,contractType
,20,itemQty
,MT,itemQtyUnitId
,for,o
,flat,priceTypeId
,price,o
,of,o
,200,priceDf
,USD,payInCurId
,of,o
,Barley,productId
,of,o
,quality,o
,Balie,quality
,genie,quality
,for,o
,Karthik,traderUserId
,Aradhya,traderUserId
,from,o
,Kirfjohl,cpProfileId
,with,o
,21,paymentTermId
,days,paymentTermId
,with,o
,English,applicableLawId
,Law,applicableLawId
,at,o
,DES,incotermId
,.,o
Sentence: 38,Sell,contractType
,20,itemQty
,MT,itemQtyUnitId
,for,o
,flat,priceTypeId
,price,o
,of,o
,200,priceDf
,USD,payInCurId
,of,o
,Barley,productId
,of,o
,quality,o
,Balie,quality
,genie,quality
,for,o
,Karthik,traderUserId
,Aradhya,traderUserId
,from,o
,Kirfjohl,cpProfileId
,with,o
,21,paymentTermId
,days,paymentTermId
,with,o
,English,applicableLawId
,Law,applicableLawId
,at,o
,EXW,incotermId
,.,o
Sentence: 39,Sell,contractType
,20,itemQty
,MT,itemQtyUnitId
,for,o
,flat,priceTypeId
,price,o
,of,o
,200,priceDf
,USD,payInCurId
,of,o
,Barley,productId
,of,o
,quality,o
,Balie,quality
,genie,quality
,for,o
,Karthik,traderUserId
,Aradhya,traderUserId
,from,o
,Kirfjohl,cpProfileId
,with,o
,21,paymentTermId
,days,paymentTermId
,with,o
,English,applicableLawId
,Law,applicableLawId
,at,o
,FAS,incotermId
,.,o
Sentence: 40,Sell,contractType
,20,itemQty
,MT,itemQtyUnitId
,for,o
,flat,priceTypeId
,price,o
,of,o
,200,priceDf
,USD,payInCurId
,of,o
,Barley,productId
,of,o
,quality,o
,Balie,quality
,genie,quality
,for,o
,Karthik,traderUserId
,Aradhya,traderUserId
,from,o
,Kirfjohl,cpProfileId
,with,o
,21,paymentTermId
,days,paymentTermId
,with,o
,English,applicableLawId
,Law,applicableLawId
,at,o
,FCA,incotermId
,.,o
Sentence: 41,Sell,contractType
,20,itemQty
,MT,itemQtyUnitId
,for,o
,flat,priceTypeId
,price,o
,of,o
,200,priceDf
,USD,payInCurId
,of,o
,Barley,productId
,of,o
,quality,o
,Balie,quality
,genie,quality
,for,o
,Karthik,traderUserId
,Aradhya,traderUserId
,from,o
,Kirfjohl,cpProfileId
,with,o
,21,paymentTermId
,days,paymentTermId
,with,o
,English,applicableLawId
,Law,applicableLawId
,at,o
,FOB,incotermId
,.,o
Sentence: 42,Sell,contractType
,20,itemQty
,MT,itemQtyUnitId
,for,o
,flat,priceTypeId
,price,o
,of,o
,200,priceDf
,USD,payInCurId
,of,o
,Barley,productId
,of,o
,quality,o
,Balie,quality
,genie,quality
,for,o
,Karthik,traderUserId
,Aradhya,traderUserId
,from,o
,Kirfjohl,cpProfileId
,with,o
,21,paymentTermId
,days,paymentTermId
,with,o
,English,applicableLawId
,Law,applicableLawId
,at,o
,CIF,incotermId
,.,o
Sentence: 43,Sell,contractType
,20,itemQty
,MT,itemQtyUnitId
,for,o
,flat,priceTypeId
,price,o
,of,o
,200,priceDf
,USD,payInCurId
,of,o
,Barley,productId
,of,o
,quality,o
,Balie,quality
,genie,quality
,for,o
,Karthik,traderUserId
,Aradhya,traderUserId
,from,o
,Kirfjohl,cpProfileId
,with,o
,21,paymentTermId
,days,paymentTermId
,with,o
,English,applicableLawId
,Law,applicableLawId
,at,o
,CIF,incotermId
,.,o
Sentence: 44,Purchase,contractType
,20,itemQty
,MT,itemQtyUnitId
,for,o
,flat,priceTypeId
,price,o
,of,o
,200,priceDf
,USD,payInCurId
,of,o
,Barley,productId
,of,o
,quality,o
,Balie,quality
,genie,quality
,for,o
,Karthik,traderUserId
,Aradhya,traderUserId
,from,o
,Kirfjohl,cpProfileId
,with,o
,21,paymentTermId
,days,paymentTermId
,with,o
,English,applicableLawId
,Law,applicableLawId
,at,o
,CIF,incotermId
,.,o
Sentence: 45,Purchase,contractType
,20,itemQty
,MT,itemQtyUnitId
,for,o
,flat,priceTypeId
,price,o
,of,o
,200,priceDf
,USD,payInCurId
,of,o
,Barley,productId
,of,o
,quality,o
,Balie,quality
,genie,quality
,for,o
,Karthik,traderUserId
,Aradhya,traderUserId
,from,o
,Kirfjohl,cpProfileId
,with,o
,21,paymentTermId
,days,paymentTermId
,with,o
,English,applicableLawId
,Law,applicableLawId
,at,o
,CFR,incotermId
,.,o
Sentence: 46,Purchase,contractType
,20,itemQty
,MT,itemQtyUnitId
,for,o
,flat,priceTypeId
,price,o
,of,o
,200,priceDf
,USD,payInCurId
,of,o
,Barley,productId
,of,o
,quality,o
,Balie,quality
,genie,quality
,for,o
,Karthik,traderUserId
,Aradhya,traderUserId
,from,o
,Kirfjohl,cpProfileId
,with,o
,21,paymentTermId
,days,paymentTermId
,with,o
,English,applicableLawId
,Law,applicableLawId
,at,o
,CPT,incotermId
,.,o
Sentence: 47,Purchase,contractType
,20,itemQty
,MT,itemQtyUnitId
,for,o
,flat,priceTypeId
,price,o
,of,o
,200,priceDf
,USD,payInCurId
,of,o
,Barley,productId
,of,o
,quality,o
,Balie,quality
,genie,quality
,for,o
,Karthik,traderUserId
,Aradhya,traderUserId
,from,o
,Kirfjohl,cpProfileId
,with,o
,21,paymentTermId
,days,paymentTermId
,with,o
,English,applicableLawId
,Law,applicableLawId
,at,o
,DAF,incotermId
,.,o
Sentence: 48,Purchase,contractType
,20,itemQty
,MT,itemQtyUnitId
,for,o
,flat,priceTypeId
,price,o
,of,o
,200,priceDf
,USD,payInCurId
,of,o
,Barley,productId
,of,o
,quality,o
,Balie,quality
,genie,quality
,for,o
,Karthik,traderUserId
,Aradhya,traderUserId
,from,o
,Kirfjohl,cpProfileId
,with,o
,21,paymentTermId
,days,paymentTermId
,with,o
,English,applicableLawId
,Law,applicableLawId
,at,o
,DDP,incotermId
,.,o
Sentence: 49,Purchase,contractType
,20,itemQty
,MT,itemQtyUnitId
,for,o
,flat,priceTypeId
,price,o
,of,o
,200,priceDf
,USD,payInCurId
,of,o
,Barley,productId
,of,o
,quality,o
,Balie,quality
,genie,quality
,for,o
,Karthik,traderUserId
,Aradhya,traderUserId
,from,o
,Kirfjohl,cpProfileId
,with,o
,21,paymentTermId
,days,paymentTermId
,with,o
,English,applicableLawId
,Law,applicableLawId
,at,o
,DDU,incotermId
,.,o
Sentence: 50,Purchase,contractType
,20,itemQty
,MT,itemQtyUnitId
,for,o
,flat,priceTypeId
,price,o
,of,o
,200,priceDf
,USD,payInCurId
,of,o
,Barley,productId
,of,o
,quality,o
,Balie,quality
,genie,quality
,for,o
,Karthik,traderUserId
,Aradhya,traderUserId
,from,o
,Kirfjohl,cpProfileId
,with,o
,21,paymentTermId
,days,paymentTermId
,with,o
,English,applicableLawId
,Law,applicableLawId
,at,o
,DEQ,incotermId
,.,o
Sentence: 51,Purchase,contractType
,20,itemQty
,MT,itemQtyUnitId
,for,o
,flat,priceTypeId
,price,o
,of,o
,200,priceDf
,USD,payInCurId
,of,o
,Barley,productId
,of,o
,quality,o
,Balie,quality
,genie,quality
,for,o
,Karthik,traderUserId
,Aradhya,traderUserId
,from,o
,Kirfjohl,cpProfileId
,with,o
,21,paymentTermId
,days,paymentTermId
,with,o
,English,applicableLawId
,Law,applicableLawId
,at,o
,DES,incotermId
,.,o
Sentence: 52,Purchase,contractType
,20,itemQty
,MT,itemQtyUnitId
,for,o
,flat,priceTypeId
,price,o
,of,o
,200,priceDf
,USD,payInCurId
,of,o
,Barley,productId
,of,o
,quality,o
,Balie,quality
,genie,quality
,for,o
,Karthik,traderUserId
,Aradhya,traderUserId
,from,o
,Kirfjohl,cpProfileId
,with,o
,21,paymentTermId
,days,paymentTermId
,with,o
,English,applicableLawId
,Law,applicableLawId
,at,o
,EXW,incotermId
,.,o
Sentence: 53,Purchase,contractType
,20,itemQty
,MT,itemQtyUnitId
,for,o
,flat,priceTypeId
,price,o
,of,o
,200,priceDf
,USD,payInCurId
,of,o
,Barley,productId
,of,o
,quality,o
,Balie,quality
,genie,quality
,for,o
,Karthik,traderUserId
,Aradhya,traderUserId
,from,o
,Kirfjohl,cpProfileId
,with,o
,21,paymentTermId
,days,paymentTermId
,with,o
,English,applicableLawId
,Law,applicableLawId
,at,o
,FAS,incotermId
,.,o
Sentence: 54,Purchase,contractType
,20,itemQty
,MT,itemQtyUnitId
,for,o
,flat,priceTypeId
,price,o
,of,o
,200,priceDf
,USD,payInCurId
,of,o
,Barley,productId
,of,o
,quality,o
,Balie,quality
,genie,quality
,for,o
,Karthik,traderUserId
,Aradhya,traderUserId
,from,o
,Kirfjohl,cpProfileId
,with,o
,21,paymentTermId
,days,paymentTermId
,with,o
,English,applicableLawId
,Law,applicableLawId
,at,o
,FCA,incotermId
,.,o
Sentence: 55,Purchase,contractType
,20,itemQty
,MT,itemQtyUnitId
,for,o
,flat,priceTypeId
,price,o
,of,o
,200,priceDf
,USD,payInCurId
,of,o
,Barley,productId
,of,o
,quality,o
,Balie,quality
,genie,quality
,for,o
,Karthik,traderUserId
,Aradhya,traderUserId
,from,o
,Kirfjohl,cpProfileId
,with,o
,21,paymentTermId
,days,paymentTermId
,with,o
,English,applicableLawId
,Law,applicableLawId
,at,o
,FOB,incotermId
,.,o
Sentence: 56,Purchase,contractType
,20,itemQty
,MT,itemQtyUnitId
,for,o
,flat,priceTypeId
,price,o
,of,o
,200,priceDf
,USD,payInCurId
,of,o
,Barley,productId
,of,o
,quality,o
,Balie,quality
,genie,quality
,for,o
,Karthik,traderUserId
,Aradhya,traderUserId
,from,o
,Kirfjohl,cpProfileId
,with,o
,21,paymentTermId
,days,paymentTermId
,with,o
,English,applicableLawId
,Law,applicableLawId
,at,o
,CIF,incotermId
,.,o
Sentence: 57,Purchase,contractType
,20,itemQty
,MT,itemQtyUnitId
,for,o
,flat,priceTypeId
,price,o
,of,o
,200,priceDf
,USD,payInCurId
,of,o
,Barley,productId
,of,o
,quality,o
,Balie,quality
,genie,quality
,for,o
,Karthik,traderUserId
,Aradhya,traderUserId
,from,o
,Kirfjohl,cpProfileId
,with,o
,21,paymentTermId
,days,paymentTermId
,with,o
,English,applicableLawId
,Law,applicableLawId
,at,o
,CIF,incotermId
,.,o
Sentence: 58,Buy,contractType
,20,itemQty
,Kg,itemQtyUnitId
,of,o
,Wheat,productId
,.,o
Sentence: 59,Sell,contractType
,20,itemQty
,Kg,itemQtyUnitId
,of,o
,Wheat,productId
,.,o
Sentence: 60,Purchase,contractType
,20,itemQty
,Kg,itemQtyUnitId
,of,o
,Wheat,productId
,.,o
Sentence: 61,Buy,contractType
,20,itemQty
,Kg,itemQtyUnitId
,of,o
,Wheat,productId
,of,o
,Quality,o
,Trash,quality
,.,o
Sentence: 62,Sell,contractType
,20,itemQty
,Kg,itemQtyUnitId
,of,o
,Wheat,productId
,of,o
,Quality,o
,Trash,quality
,.,o
Sentence: 63,Purchase,contractType
,20,itemQty
,Kg,itemQtyUnitId
,of,o
,Wheat,productId
,of,o
,Quality,o
,Trash,quality
,.,o
Sentence: 64,Buy,contractType
,20,itemQty
,Kg,itemQtyUnitId
,of,o
,Wheat,productId
,of,o
,Quality,o
,Trash,quality
,From,o
,shreeram,traderUserId
,R,traderUserId
,of,o
,American,cpProfileId
,Express,cpProfileId
,Through,o
,CIF,incotermId
,.,o
Sentence: 65,Sell,contractType
,20,itemQty
,Kg,itemQtyUnitId
,of,o
,Wheat,productId
,of,o
,Quality,o
,Trash,quality
,From,o
,shreeram,traderUserId
,R,traderUserId
,of,o
,American,cpProfileId
,Express,cpProfileId
,Through,o
,CIF,incotermId
,.,o
Sentence: 66,Purchase,contractType
,20,itemQty
,Kg,itemQtyUnitId
,of,o
,Wheat,productId
,of,o
,Quality,o
,Trash,quality
,From,o
,shreeram,traderUserId
,R,traderUserId
,of,o
,American,cpProfileId
,Express,cpProfileId
,Through,o
,CIF,incotermId
,.,o
Sentence: 67,Purchase,contractType
,20,itemQty
,Kg,itemQtyUnitId
,of,o
,Wheat,productId
,of,o
,Quality,o
,Trash,quality
,From,o
,shreeram,traderUserId
,R,traderUserId
,of,o
,American,cpProfileId
,Express,cpProfileId
,Through,o
,CFR,incotermId
,.,o
Sentence: 68,Purchase,contractType
,20,itemQty
,Kg,itemQtyUnitId
,of,o
,Wheat,productId
,of,o
,Quality,o
,Trash,quality
,From,o
,shreeram,traderUserId
,R,traderUserId
,of,o
,American,cpProfileId
,Express,cpProfileId
,Through,o
,CPT,incotermId
,.,o
Sentence: 69,Purchase,contractType
,20,itemQty
,Kg,itemQtyUnitId
,of,o
,Wheat,productId
,of,o
,Quality,o
,Trash,quality
,From,o
,shreeram,traderUserId
,R,traderUserId
,of,o
,American,cpProfileId
,Express,cpProfileId
,Through,o
,CPT,incotermId
,.,o
Sentence: 70,Buy,contractType
,canola,productId
,oil,productId
,at,o
,a,o
,flat,priceTypeId
,price,o
,from,o
,Karthik,traderUserId
,Aradhya,traderUserId
,of,o
,Van,cpProfileId
,loon,cpProfileId
,farms,cpProfileId
,ltd,cpProfileId
,.,o
Sentence: 71,Buy,contractType
,coffee,productId
,of,o
,Quality,o
,Robusta,quality
,Sell,contractType
,canola,productId
,oil,productId
,at,o
,a,o
,flat,priceTypeId
,price,o
,from,o
,Karthik,traderUserId
,Aradhya,traderUserId
,of,o
,Van,cpProfileId
,loon,cpProfileId
,farms,cpProfileId
,ltd,cpProfileId
,.,o
Sentence: 72,Sell,contractType
,coffee,productId
,of,o
,Quality,o
,Robusta,quality
,for,o
,a,o
,itemQty,o
,of,o
,20,itemQty
,MT,itemQtyUnitId
,.,o
Sentence: 73,Purchase,contractType
,canola,productId
,oil,productId
,at,o
,a,o
,flat,priceTypeId
,price,o
,from,o
,Karthik,traderUserId
,Aradhya,traderUserId
,of,o
,Van,cpProfileId
,loon,cpProfileId
,farms,cpProfileId
,ltd,cpProfileId
,.,o
Sentence: 74,Purchase,contractType
,coffee,productId
,of,o
,Quality,o
,Robusta,quality
,for,o
,a,o
,itemQty,o
,of,o
,20,itemQty
,MT,itemQtyUnitId
,.,o
Sentence: 75,Sell,contractType
,20,itemQty
,MT,itemQtyUnitId
,for,o
,flat,priceTypeId
,price,o
,of,o
,200,priceDf
,USD,payInCurId
,of,o
,Barley,productId
,of,o
,quality,o
,Balie,quality
,genie,quality
,for,o
,Karthik,traderUserId
,Aradhya,traderUserId
,from,o
,Kirfjohl,cpProfileId
,with,o
,21,paymentTermId
,days,paymentTermId
,with,o
,English,applicableLawId
,Law,applicableLawId
,at,o
,CIF,incotermId
,.,o
Sentence: 76,Sell,contractType
,20,itemQty
,MT,itemQtyUnitId
,for,o
,flat,priceTypeId
,price,o
,of,o
,200,priceDf
,USD,payInCurId
,of,o
,Barley,productId
,of,o
,quality,o
,Balie,quality
,genie,quality
,for,o
,Karthik,traderUserId
,Aradhya,traderUserId
,from,o
,Kirfjohl,cpProfileId
,with,o
,21,paymentTermId
,days,paymentTermId
,with,o
,English,applicableLawId
,Law,applicableLawId
,at,o
,CFR,incotermId
,.,o
Sentence: 77,Sell,contractType
,20,itemQty
,MT,itemQtyUnitId
,for,o
,flat,priceTypeId
,price,o
,of,o
,200,priceDf
,USD,payInCurId
,of,o
,Barley,productId
,of,o
,quality,o
,Balie,quality
,genie,quality
,for,o
,Karthik,traderUserId
,Aradhya,traderUserId
,from,o
,Kirfjohl,cpProfileId
,with,o
,21,paymentTermId
,days,paymentTermId
,with,o
,English,applicableLawId
,Law,applicableLawId
,at,o
,CPT,incotermId
,.,o
Sentence: 78,Sell,contractType
,20,itemQty
,MT,itemQtyUnitId
,for,o
,flat,priceTypeId
,price,o
,of,o
,200,priceDf
,USD,payInCurId
,of,o
,Barley,productId
,of,o
,quality,o
,Balie,quality
,genie,quality
,for,o
,Karthik,traderUserId
,Aradhya,traderUserId
,from,o
,Kirfjohl,cpProfileId
,with,o
,21,paymentTermId
,days,paymentTermId
,with,o
,English,applicableLawId
,Law,applicableLawId
,at,o
,DAF,incotermId
,.,o
Sentence: 79,Sell,contractType
,20,itemQty
,MT,itemQtyUnitId
,for,o
,flat,priceTypeId
,price,o
,of,o
,200,priceDf
,USD,payInCurId
,of,o
,Barley,productId
,of,o
,quality,o
,Balie,quality
,genie,quality
,for,o
,Karthik,traderUserId
,Aradhya,traderUserId
,from,o
,Kirfjohl,cpProfileId
,with,o
,21,paymentTermId
,days,paymentTermId
,with,o
,English,applicableLawId
,Law,applicableLawId
,at,o
,DDP,incotermId
,.,o
Sentence: 80,Sell,contractType
,20,itemQty
,MT,itemQtyUnitId
,for,o
,flat,priceTypeId
,price,o
,of,o
,200,priceDf
,USD,payInCurId
,of,o
,Barley,productId
,of,o
,quality,o
,Balie,quality
,genie,quality
,for,o
,Karthik,traderUserId
,Aradhya,traderUserId
,from,o
,Kirfjohl,cpProfileId
,with,o
,21,paymentTermId
,days,paymentTermId
,with,o
,English,applicableLawId
,Law,applicableLawId
,at,o
,DDU,incotermId
,.,o
Sentence: 81,Sell,contractType
,20,itemQty
,MT,itemQtyUnitId
,for,o
,flat,priceTypeId
,price,o
,of,o
,200,priceDf
,USD,payInCurId
,of,o
,Barley,productId
,of,o
,quality,o
,Balie,quality
,genie,quality
,for,o
,Karthik,traderUserId
,Aradhya,traderUserId
,from,o
,Kirfjohl,cpProfileId
,with,o
,21,paymentTermId
,days,paymentTermId
,with,o
,English,applicableLawId
,Law,applicableLawId
,at,o
,DEQ,incotermId
,.,o
Sentence: 82,Sell,contractType
,20,itemQty
,MT,itemQtyUnitId
,for,o
,flat,priceTypeId
,price,o
,of,o
,200,priceDf
,USD,payInCurId
,of,o
,Barley,productId
,of,o
,quality,o
,Balie,quality
,genie,quality
,for,o
,Karthik,traderUserId
,Aradhya,traderUserId
,from,o
,Kirfjohl,cpProfileId
,with,o
,21,paymentTermId
,days,paymentTermId
,with,o
,English,applicableLawId
,Law,applicableLawId
,at,o
,DES,incotermId
,.,o
Sentence: 83,Sell,contractType
,20,itemQty
,MT,itemQtyUnitId
,for,o
,flat,priceTypeId
,price,o
,of,o
,200,priceDf
,USD,payInCurId
,of,o
,Barley,productId
,of,o
,quality,o
,Balie,quality
,genie,quality
,for,o
,Karthik,traderUserId
,Aradhya,traderUserId
,from,o
,Kirfjohl,cpProfileId
,with,o
,21,paymentTermId
,days,paymentTermId
,with,o
,English,applicableLawId
,Law,applicableLawId
,at,o
,EXW,incotermId
,.,o
Sentence: 84,Sell,contractType
,20,itemQty
,MT,itemQtyUnitId
,for,o
,flat,priceTypeId
,price,o
,of,o
,200,priceDf
,USD,payInCurId
,of,o
,Barley,productId
,of,o
,quality,o
,Balie,quality
,genie,quality
,for,o
,Karthik,traderUserId
,Aradhya,traderUserId
,from,o
,Kirfjohl,cpProfileId
,with,o
,21,paymentTermId
,days,paymentTermId
,with,o
,English,applicableLawId
,Law,applicableLawId
,at,o
,FAS,incotermId
,.,o
Sentence: 85,Sell,contractType
,20,itemQty
,MT,itemQtyUnitId
,for,o
,flat,priceTypeId
,price,o
,of,o
,200,priceDf
,USD,payInCurId
,of,o
,Barley,productId
,of,o
,quality,o
,Balie,quality
,genie,quality
,for,o
,Karthik,traderUserId
,Aradhya,traderUserId
,from,o
,Kirfjohl,cpProfileId
,with,o
,21,paymentTermId
,days,paymentTermId
,with,o
,English,applicableLawId
,Law,applicableLawId
,at,o
,FCA,incotermId
,.,o
Sentence: 86,Sell,contractType
,20,itemQty
,MT,itemQtyUnitId
,for,o
,flat,priceTypeId
,price,o
,of,o
,200,priceDf
,USD,payInCurId
,of,o
,Barley,productId
,of,o
,quality,o
,Balie,quality
,genie,quality
,for,o
,Karthik,traderUserId
,Aradhya,traderUserId
,from,o
,Kirfjohl,cpProfileId
,with,o
,21,paymentTermId
,days,paymentTermId
,with,o
,English,applicableLawId
,Law,applicableLawId
,at,o
,FOB,incotermId
,.,o
Sentence: 87,Sell,contractType
,20,itemQty
,MT,itemQtyUnitId
,for,o
,flat,priceTypeId
,price,o
,of,o
,200,priceDf
,USD,payInCurId
,of,o
,Barley,productId
,of,o
,quality,o
,Balie,quality
,genie,quality
,for,o
,Karthik,traderUserId
,Aradhya,traderUserId
,from,o
,Kirfjohl,cpProfileId
,with,o
,21,paymentTermId
,days,paymentTermId
,with,o
,English,applicableLawId
,Law,applicableLawId
,at,o
,CIF,incotermId
,.,o
Sentence: 88,Sell,contractType
,20,itemQty
,MT,itemQtyUnitId
,for,o
,flat,priceTypeId
,price,o
,of,o
,200,priceDf
,USD,payInCurId
,of,o
,Barley,productId
,of,o
,quality,o
,Balie,quality
,genie,quality
,for,o
,Karthik,traderUserId
,Aradhya,traderUserId
,from,o
,Kirfjohl,cpProfileId
,with,o
,21,paymentTermId
,days,paymentTermId
,with,o
,English,applicableLawId
,Law,applicableLawId
,at,o
,CIF,incotermId
,.,o
Sentence: 89,Buy,contractType
,oats,productId
,from,o
,Albertus,traderUserId
,of,o
,cargil,cpProfileId
,.,o
Sentence: 90,Sell,contractType
,oats,productId
,from,o
,Albertus,traderUserId
,of,o
,cargil,cpProfileId
,.,o
Sentence: 91,Purchase,contractType
,oats,productId
,from,o
,Albertus,traderUserId
,of,o
,cargil,cpProfileId
,.,o
Sentence: 92,Buy,contractType
,barley,productId
,with,o
,a,o
,Payment,o
,term,o
,of,o
,21,paymentTermId
,days,paymentTermId
,.,o
Sentence: 93,Sell,contractType
,barley,productId
,with,o
,a,o
,Payment,o
,term,o
,of,o
,21,paymentTermId
,days,paymentTermId
,.,o
Sentence: 94,Purchase,contractType
,barley,productId
,with,o
,a,o
,Payment,o
,term,o
,of,o
,21,paymentTermId
,days,paymentTermId
,.,o
Sentence: 95,Buy,contractType
,canola,productId
,oil,productId
,from,o
,Abhijeet,traderUserId
,Bhattacharya,traderUserId
,rangamundi,traderUserId
,of,o
,The,cpProfileId
,Van,cpProfileId
,wold,cpProfileId
,farm,cpProfileId
,ltd,cpProfileId
,.,o
Sentence: 96,Sell,contractType
,canola,productId
,oil,productId
,from,o
,Abhijeet,traderUserId
,Bhattacharya,traderUserId
,rangamundi,traderUserId
,of,o
,The,cpProfileId
,Van,cpProfileId
,wold,cpProfileId
,farm,cpProfileId
,ltd,cpProfileId
,.,o
Sentence: 97,Purchase,contractType
,canola,productId
,oil,productId
,from,o
,Abhijeet,traderUserId
,Bhattacharya,traderUserId
,rangamundi,traderUserId
,of,o
,The,cpProfileId
,Van,cpProfileId
,wold,cpProfileId
,farm,cpProfileId
,ltd,cpProfileId
,.,o
Sentence: 98,Buy,contractType
,20,itemQty
,MT,itemQtyUnitId
,for,o
,flat,priceTypeId
,price,o
,of,o
,200,priceDf
,USD,payInCurId
,of,o
,Barley,productId
,of,o
,quality,o
,Balie,quality
,genie,quality
,for,o
,Karthik,traderUserId
,Aradhya,traderUserId
,from,o
,Kirfjohl,cpProfileId
,with,o
,21,paymentTermId
,days,paymentTermId
,with,o
,English,applicableLawId
,Law,applicableLawId
,at,o
,CIF,incotermId
,.,o
Sentence: 99,Buy,contractType
,20,itemQty
,MT,itemQtyUnitId
,for,o
,flat,priceTypeId
,price,o
,of,o
,200,priceDf
,USD,payInCurId
,of,o
,Barley,productId
,of,o
,quality,o
,Balie,quality
,genie,quality
,for,o
,Karthik,traderUserId
,Aradhya,traderUserId
,abc,traderUserId
,from,o
,Kirfjohl,cpProfileId
,georgia,cpProfileId
,with,o
,21,paymentTermId
,days,paymentTermId
,with,o
,English,applicableLawId
,Law,applicableLawId
,at,o
,CFR,incotermId
,.,o
Sentence: 100,Sell,contractType
,20,itemQty
,MT,itemQtyUnitId
,for,o
,flat,priceTypeId
,price,o
,of,o
,200,priceDf
,USD,payInCurId
,of,o
,Barley,productId
,of,o
,quality,o
,Balie,quality
,genie,quality
,for,o
,Karthik,traderUserId
,Aradhya,traderUserId
,abc,traderUserId
,from,o
,Kirfjohl,cpProfileId
,georgia,cpProfileId
,with,o
,21,paymentTermId
,days,paymentTermId
,with,o
,English,applicableLawId
,Law,applicableLawId
,at,o
,CFR,incotermId
,.,o
Sentence: 101,Purchase,contractType
,20,itemQty
,MT,itemQtyUnitId
,for,o
,flat,priceTypeId
,price,o
,of,o
,200,priceDf
,USD,payInCurId
,of,o
,Barley,productId
,of,o
,quality,o
,Balie,quality
,genie,quality
,for,o
,Karthik,traderUserId
,Aradhya,traderUserId
,abc,traderUserId
,from,o
,Kirfjohl,cpProfileId
,georgia,cpProfileId
,with,o
,21,paymentTermId
,days,paymentTermId
,with,o
,English,applicableLawId
,Law,applicableLawId
,at,o
,CFR,incotermId
,.,o
Sentence: 102,purchase,contractType
,for,o
,basis,priceTypeId
,price,o
,of,o
,300,priceDf
,LIRA,payInCurId
,200,itemQty
,KG,itemQtyUnitId
,of,o
,corn,productId
,.,o
Sentence: 103,Buy,contract_type
,200,itemQty
,MT,itemQtyUnitId
,cotton,productId
,for,0
,admin,traderUserId
,admin,traderUserId
,.,o
Sentence: 104,admin,traderUserId
,admin,traderUserId
,create,o
,sale,contractType
,contract,o
,for,o
,200,itemQty
,MT,itemQtyUnitId
,cotton,productId
,from,o
,Margret,cpProfileId
,with,o
,at,o
,flat,priceTypeId
,price,o
,of,o
,120,priceDf
,USD,payInCurId
,at,o
,tolerance,o
,2,tolerance
,%,toleranceType
,buyer,toleranceLevel
,through,o
,container,shipmentMode
,from,o
,Australia,originationCountryId
,to,o
,"China,",destinationCountryId
,pay,o
,after,o
,21,paymentTermId
,"days,",paymentTermId
,apply,o
,AFSA,applicableLawId
,and,o
,GDPR,applicableLawId
,.,o
Sentence: 105,Buy,contractType
,200,itemQty
,MT,itemQtyUnitId
,cotton,productId
,with,o
,at,o
,flat,priceTypeId
,price,o
,of,o
,120,priceDf
,USD,payInCurId
,at,o
,tolerance,o
,2,tolerance
,%,toleranceType
,buyer,toleranceLevel
,through,o
,container,shipmentMode
,from,o
,Australia,originationCountryId
,to,o
,China,destinationCountryId
,.,o
Sentence: 106,From,o
,1/7/2019,deliveryFromDate
,to,o
,1/9/2019,deliveryToDate
,.,o
Sentence: 107,From,o
,1072019,deliveryFromDate
,to,o
,1072019,deliveryToDate
,.,o
Sentence: 108,From,o
,10/21/2019,deliveryFromDate
,to,o
,12/22/2019,deliveryToDate
,.,o
Sentence: 109,From,o
,1/7/2019,deliveryFromDate
,to,o
,1/9/2019,deliveryToDate
,.,o
Sentence: 110,buy,contractType
,cotton,productId
,of,o
,quality,o
,Cotton,quality
,A,quality
,dry,quality
,between,o
,10/10/2019,deliveryFromDate
,and,o
,20-10-2019,deliveryToDate
,.,o
Sentence: 111,buy,contractType
,cotton,productId
,of,o
,quality,o
,Cotton-A-Dry,quality
,between,o
,10/10/2019,deliveryFromDate
,and,o
,20-10-2019,deliveryToDate
,.,o
Sentence: 112,buy,contractType
,oats,productId
,from,o
,Australia,originationCountryId
,to,o
,China,destinationCountryId
,.,o
